{
    "faces": [33,2,0,1,3,0,1,2,3,33,3,7,6,2,3,4,5,0,33,7,5,4,6,4,6,7,5,33,0,4,5,1,1,7,6,2,33,0,2,6,4,1,0,5,7,33,5,7,3,1,6,4,3,2],
    "uvs": [],
    "metadata": {
        "faces": 6,
        "uvs": 0,
        "version": 3,
        "normals": 8,
        "generator": "io_three",
        "vertices": 8,
        "type": "Geometry"
    },
    "normals": [-0.519791,-0.599353,-0.608753,-0.560045,-0.560045,0.610431,-0.523759,0.603992,0.600665,-0.518265,0.588488,-0.620502,0.640736,0.542161,-0.543565,0.69924,-0.613697,-0.366588,0.537095,0.582598,0.609973,0.603198,-0.498978,0.622181],
    "name": "CubeGeometry",
    "vertices": [-1,-1,1,-1,1,1,-1,-1,-1,-1,1,-1,1,-1,1,0.561824,0.637573,0.709807,1,-1,-0.292062,1,1,-1]
}